study_id,identifier_type,identifier,altmetric_status,altmetric_details_id,altmetric_details_url,attention_score,last_mentioned_date,news_outlets,blog_mentions,x_users,facebook_pages,reddit_users,youtube_creators,clinical_guideline_sources,policy_document_sources,wikipedia_pages,patents,dimensions_citations,mendeley_readers,retrieval_date,notes
1,doi,10.1093/humrep/deae129,record_found,165747725,https://www.altmetric.com/details/165747725,6,2026-07-22,0,0,7,0,3,0,0,0,0,0,0,22,2026-09-22,Free Altmetric Details Page; source counts are platform-reported and not deduplicated
2,doi,10.1159/000484325,no_mentions_found,,https://www.altmetric.com/details/doi/10.1159/000484325,,,,,,,,,,,,,,,2026-09-22,Altmetric Details Page reports no mentions and assigns no Attention Score
3,doi,10.1016/j.fertnstert.2013.06.005,record_found,198040360,https://www.altmetric.com/details/198040360,1,2026-05-18,0,0,0,0,1,0,0,0,0,0,0,209,2026-09-22,Free Altmetric Details Page; source counts are platform-reported and not deduplicated
4,doi,10.1111/jhn.12498,record_found,23759979,https://www.altmetric.com/details/23759979,2,2022-08-18,0,0,1,2,1,0,0,0,0,0,0,36,2026-09-22,Free Altmetric Details Page; source counts are platform-reported and not deduplicated
5,doi,10.1210/jc.2017-00459,record_found,18138370,https://www.altmetric.com/details/18138370,9,2026-03-13,0,0,2,0,28,1,0,0,0,0,0,77,2026-09-22,Free Altmetric Details Page; source counts are platform-reported and not deduplicated
6,doi,10.1155/2016/9201701,record_found,198040365,https://www.altmetric.com/details/198040365,1,2026-05-18,0,0,0,0,1,0,0,0,0,0,0,53,2026-09-22,Free Altmetric Details Page; source counts are platform-reported and not deduplicated
7,doi,10.1016/j.clnu.2015.02.006,record_found,3767192,https://www.altmetric.com/details/3767192,29,2026-05-18,2,0,9,1,9,0,1,0,0,0,0,202,2026-09-22,Free Altmetric Details Page; source counts are platform-reported and not deduplicated
8,doi,10.1139/apnm-2014-0073,record_found,2588634,https://www.altmetric.com/details/2588634,46,2026-01-24,4,0,10,1,4,0,0,0,0,0,0,126,2026-09-22,Free Altmetric Details Page; source counts are platform-reported and not deduplicated
9,doi,10.1016/j.fertnstert.2008.04.067,record_found,704653,https://www.altmetric.com/details/704653,82,2026-08-10,1,1,10,1,230,5,0,0,0,0,75,79,2026-09-22,Free Altmetric Details Page; source counts are platform-reported and not deduplicated
10,doi,10.1007/s10286-007-0403-6,no_mentions_found,,https://www.altmetric.com/details/doi/10.1007/s10286-007-0403-6,,,,,,,,,,,,,,,2026-09-22,Altmetric Details Page reports no mentions and assigns no Attention Score
11,,,unresolved_no_persistent_identifier,,,,,,,,,,,,,,,,,2026-09-22,"No DOI, PubMed record, or indexed Altmetric Details Page was identified by exact-title search"
12,doi,10.1530/EJE-08-1014,record_found,42462166,https://www.altmetric.com/details/42462166,3,2011-08-23,0,0,0,0,0,0,0,0,0,1,0,52,2026-09-22,Free Altmetric Details Page; source counts are platform-reported and not deduplicated
13,doi,10.1016/j.ijgo.2007.10.011,record_found,115967090,https://www.altmetric.com/details/115967090,1,2026-07-22,0,0,0,0,3,1,0,0,0,0,0,38,2026-09-22,Free Altmetric Details Page; source counts are platform-reported and not deduplicated
14,doi,10.1111/j.1365-2265.1992.tb02262.x,record_found,31262410,https://www.altmetric.com/details/31262410,3,2025-02-09,0,0,1,0,5,0,0,0,0,0,0,58,2026-09-22,Free Altmetric Details Page; source counts are platform-reported and not deduplicated
15,pmid,2228390,record_found,181804484,https://www.altmetric.com/details/181804484,1,2018-09-06,0,0,0,0,1,0,0,0,0,0,59,28,2026-09-22,Free Altmetric Details Page; source counts are platform-reported and not deduplicated
16,doi,10.1139/h06-007,record_found,18204962,https://www.altmetric.com/details/18204962,15,2017-03-27,0,1,0,0,1,0,3,0,0,0,0,167,2026-09-22,Free Altmetric Details Page; source counts are platform-reported and not deduplicated
17,doi,10.1093/ajcn/84.1.77,record_found,15651133,https://www.altmetric.com/details/15651133,9,2016-05-24,0,0,0,0,0,0,3,0,0,0,0,186,2026-09-22,Free Altmetric Details Page; source counts are platform-reported and not deduplicated
