evidence_id,study_id,platform,source_type,publication_date,framing,directness,title,url,note,retrieved_date
web001,9,Reddit,reddit,2019-06-25,supports_lower_ree,numerical_signature,I have to choose between a healthy weight and an eating disorder apparently?,https://www.reddit.com/r/PCOS/comments/c58rms/,Repeats the 1868 and 1116 kcal/day values and relates them to restrictive eating,2026-09-21
web002,9,Reddit,reddit,2020-02-19,supports_lower_ree,direct_study_link,Found out my BMR is so much lower than I thought thanks to PCOS,https://www.reddit.com/r/EDAnonymous/comments/f6vglr/,Describes distress after reading the paper,2026-09-21
web003,9,Reddit,reddit,2020-06-09,mixed_or_debated,direct_study_link,PCOS diagnosis equals instant weight gain,https://www.reddit.com/r/fatlogic/comments/gznzl4/,Uses the abstract values in debate about whether PCOS lowers metabolism,2026-09-21
web004,9,Reddit,reddit,2021-04-28,supports_lower_ree,numerical_signature,PCOS and BMR/TDEE,https://www.reddit.com/r/loseit/comments/n0bo6x/,Repeats group means and recommends using them to interpret energy needs,2026-09-21
web005,9,Reddit,reddit,2021-06-04,supports_lower_ree,numerical_signature,Weightloss and PCO,https://www.reddit.com/r/loseit/comments/nqckax/,Repeats group means and frames PCOS weight loss as more difficult,2026-09-21
web006,9,Reddit,reddit,2021-11-24,mixed_or_debated,numerical_signature,Weight loss not actually proven to be more difficult in PCOS?,https://www.reddit.com/r/PCOS/comments/r0rt2j/,Uses the 1116 versus 1868 kcal/day comparison in a CICO debate,2026-09-21
web007,9,Reddit,reddit,2022-02-12,supports_lower_ree,direct_study_link,First week of keto and 20/4 fasting,https://www.reddit.com/r/keto/comments/sqb46f/,Quotes the abstract while discussing very low calorie intake,2026-09-21
web008,9,Reddit,reddit,2022-07-23,supports_lower_ree,numerical_signature,IF without keto!,https://www.reddit.com/r/PCOS/comments/w6fk3f/,Repeats the 1116 versus 1868 kcal/day comparison via a consumer-health article,2026-09-21
web009,9,Reddit,reddit,2023-04-14,supports_lower_ree,direct_study_link,What I Eat In A Day videos have me questioning,https://www.reddit.com/r/CICO/comments/12m5zf5/,Quotes the abstract and interprets the difference as requiring nearly half the food intake,2026-09-21
web010,9,Reddit,reddit,2023-09-01,supports_lower_ree,numerical_signature,It's all calories in calories out,https://www.reddit.com/r/PCOS/comments/166trsz/,Uses 1116 kcal/day to argue that a deficit may be unsustainably low,2026-09-21
web011,9,Reddit,reddit,2023-10-18,supports_lower_ree,direct_study_link,Women with PCOS particularly those with IR present a significantly decreased BMR,https://www.reddit.com/r/PCOS/comments/17at0v2/,Highly engaged post presenting the finding as proven and validating,2026-09-21
web012,9,Reddit,reddit,2024-03-24,supports_lower_ree,direct_study_link,PCOS weight loss - am I going crazy or is my partner gaslighting me?,https://www.reddit.com/r/PCOS/comments/1bmzi69/,Quotes the abstract and translates it into calorie-deficit advice,2026-09-21
web013,9,Reddit,reddit,2024-06-21,supports_lower_ree,direct_study_link,Can only lose weight by eating 1200 cals/day,https://www.reddit.com/r/PCOS/comments/1dkznph/,Uses the paper to explain very low calorie requirements,2026-09-21
web014,9,Reddit,reddit,2024,questions_lower_ree,title_author_reference,No PCOS Doesn't Lower BMR Scientific Review,https://www.reddit.com/r/PCOS/comments/1flq0io/,Detailed critical discussion of the Georgopoulos measurement and reporting problems,2026-09-21
web015,9,Reddit,reddit,2025-02-21,mixed_or_corrected,direct_study_link,Didn't know it was this bad,https://www.reddit.com/r/PCOS/comments/1iuoq49/,Initially amplifies the 1116 kcal/day result then edits the post to acknowledge the critical review,2026-09-21
web016,9,Reddit,reddit,2026,questions_lower_ree,title_author_reference,Losing weight naturally instead of GLP1,https://www.reddit.com/r/PCOS/comments/1rlu2m2/,States that the Georgopoulos result appears affected by faulty equipment,2026-09-21
web017,9,Reddit,reddit,2026-08-04,supports_lower_ree,title_author_reference,What the Literature Actually Says About Losing Weight,https://www.reddit.com/r/PCOS/comments/1vfhdis/,Cites Georgopoulos while presenting lower metabolism as established,2026-09-21
web018,9,Perla Health,consumer_health_blog,2020-09-07,supports_lower_ree,numerical_signature,Why is it hard to lose weight with PCOS?,https://perlahealth.com/why-is-it-hard-to-lose-weight-with-pcos/,Repeats the 1116 versus 1868 kcal/day comparison; page also propagated through Reddit,2026-09-21
web019,9,Boss Body Revolution,consumer_health_blog,2020-10-21,supports_lower_ree,numerical_signature,How to Lose Weight With PCOS,https://bossbodyrevolution.com/2020/10/21/how-to-lose-weight-with-pcos/,Reports all three group means as evidence that metabolism may be lower,2026-09-21
web020,9,Martha McKittrick Nutrition,professional_blog,,supports_lower_ree,title_author_reference,Why Is It So Hard To Lose Weight With PCOS?,https://marthamckittricknutrition.com/why-is-it-so-hard-to-lose-weight-with-pcos/,Cites Georgopoulos and repeats the 1116 kcal/day estimate,2026-09-21
web021,9,PCOS Fertility Nutrition,professional_blog,2025,supports_lower_ree,numerical_signature,Increasing BMR is one of the Best Ways to Lose Weight with PCOS,https://pcosfertilitynutrition.com/increasing-bmr-is-one-of-the-best-ways-to-lose-weight-with-polycystic-ovary-syndrome-pcos/,Presents the three group means as evidence of slower metabolism,2026-09-21
web022,9,DUTCH Test,professional_blog,2023,supports_lower_ree,numerical_signature,Understanding Metabolic Factors in PCOS,https://dutchtest.com/articles/metabolic-factors-in-pcos,Calls 1116 kcal/day potentially the most important factor in unsuccessful weight reduction,2026-09-21
web023,9,Sehatam,consumer_health_blog,2026,supports_lower_ree,title_author_reference,Why Is PCOS Weight Loss So Hard?,https://www.sehatam.com/blog/pcos-weight-loss-difficult,Directly describes the 2009 study and reproduces the group means,2026-09-21
web024,9,WinterBloom,consumer_health_blog,2026,supports_lower_ree,title_author_reference,SOPK et perte de poids,https://winterbloom.app/blog/perte-de-poids-sopk,Attributes a 400 to 700 kcal/day difference to Georgopoulos in French-language consumer content,2026-09-21
web025,9,Peony,consumer_health_tool,,supports_lower_ree,direct_study_link,TDEE Calculator for Women,https://www.heypeony.com/tools/tdee-calculator,Calculator page links the DOI as background evidence,2026-09-21
web026,9,MacroFactor,scientific_commentary,2024,questions_lower_ree,title_author_reference,No PCOS Doesn't Lower BMR Scientific Review,https://macrofactor.com/pcos-bmr/,Detailed public-facing critique comparing the Georgopoulos result with the wider literature,2026-09-21
web027,9,Valtsu's,personal_blog,2013-08-13,supports_lower_ree,title_author_reference,Thyroid Hormones and Heart Disease,https://valtsus.blogspot.com/2013/08/thyroid-hormones-and-heart-disease_13.html,Describes women with PCOS as having remarkably low BMR and cites Georgopoulos,2026-09-21
web028,14,Society for Endocrinology,professional_organization,2022,supports_reduced_thermogenesis,title_author_reference,Energy balance obesity and polycystic ovary syndrome,https://www.endocrinology.org/endocrinologist/143-spring-22/features/energy-balance-obesity-and-polycystic-ovary-syndrome/,Professional feature repeats reduced postprandial thermogenesis rather than reduced resting expenditure,2026-09-21
