study_id,authors_short,publication_year,publication_date,title,doi,openalex_id,analysis_set,openalex_citations,citation_retrieved_date,citation_years,citations_per_year,fwci,normalized_percentile,classified_citing_works,citing_articles,citing_reviews,citing_book_chapters,citing_books,citing_dissertations,citing_preprints,citing_paratexts,citing_other
1,Tosi et al.,2024,2024-06-12,Resting energy expenditure in women with polycystic ovary syndrome,10.1093/humrep/deae129,W4399612587,primary,1,2026-09-21,2.28,0.44,0.3908,0.65898742,1,0,0,0,0,0,1,0,0
2,Graff et al.,2017,2017-01-01,Saturated Fat Intake Is Related to Heart Rate Variability in Women with Polycystic Ovary Syndrome,10.1159/000484325,W2768432411,primary,14,2026-09-21,9.72,1.44,0.4961,0.69716340,13,9,3,0,0,0,1,0,0
3,Graff et al.,2013,2013-07-02,Dietary glycemic index is associated with less favorable anthropometric and metabolic profiles in polycystic ovary syndrome women with different phenotypes,10.1016/j.fertnstert.2013.06.005,W2148158905,primary,80,2026-09-21,13.22,6.05,8.0564,0.97001693,77,66,4,4,0,0,3,0,0
4,Rodrigues et al.,2017,2017-08-08,Low validity of predictive equations for calculating resting energy expenditure in overweight and obese women with polycystic ovary syndrome,10.1111/jhn.12498,W2743625237,primary,8,2026-09-21,9.12,0.88,0.3217,0.60117870,8,6,1,0,0,0,1,0,0
5,Broskey et al.,2017,2017-03-08,Assessing Energy Requirements in Women With Polycystic Ovary Syndrome: A Comparison Against Doubly Labeled Water,10.1210/jc.2017-00459,W2621573360,primary,6,2026-09-21,9.54,0.63,0.3178,0.69296915,6,4,1,0,0,0,1,0,0
6,Doh et al.,2016,2016-01-01,The Relationship between Adiposity and Insulin Sensitivity in African Women Living with the Polycystic Ovarian Syndrome: A Clamp Study,10.1155/2016/9201701,W2510615725,primary,21,2026-09-21,10.72,1.96,0.4645,0.78655705,20,15,1,2,0,0,2,0,0
7,Larsson et al.,2015,2015-02-20,"Dietary intake, resting energy expenditure, and eating behavior in women with and without polycystic ovary syndrome",10.1016/j.clnu.2015.02.006,W2025272396,primary,80,2026-09-21,11.58,6.91,4.6209,0.93735867,78,61,8,5,0,1,3,0,0
8,Pohlmeier et al.,2014,2014-08-11,Effect of a low-starch/low-dairy diet on fat oxidation in overweight and obese women with polycystic ovary syndrome,10.1139/apnm-2014-0073,W2048573793,primary,37,2026-09-21,12.11,3.05,0.8324,0.79443841,35,22,6,3,0,0,4,0,0
9,Georgopoulos et al.,2009,2008-08-04,Basal metabolic rate is decreased in women with polycystic ovary syndrome and biochemical hyperandrogenemia and is associated with insulin resistance,10.1016/j.fertnstert.2008.04.067,W2057326698,sensitivity_only,80,2026-09-21,18.13,4.41,2.7513,0.89616935,80,64,4,8,0,1,2,1,0
10,Saltamavros et al.,2007,2007-03-16,Alpha 2 beta adrenoreceptor 301-303 deletion polymorphism in polycystic ovary syndrome,10.1007/s10286-007-0403-6,W2053891881,sensitivity_only,3,2026-09-21,19.52,0.15,0.0000,0.12977767,3,2,0,0,0,0,1,0,0
11,Kritikou et al.,2006,,The alpha2B and beta3 Adrenergic Receptor Genes Polymorphisms in Women with Polycystic Ovarian Syndrome and their Association with Insulin Resistance and Basal Metabolic Rate,,,sensitivity_only,,,,,,,,,,,,,,,
12,Koika et al.,2009,2009-05-23,Association of the Pro12Ala polymorphism in peroxisome proliferator-activated receptor gamma2 with decreased basic metabolic rate in women with polycystic ovary syndrome,10.1530/EJE-08-1014,W2110468776,sensitivity_only,23,2026-09-21,17.33,1.33,0.6657,0.68429459,23,13,7,2,0,0,1,0,0
13,Cosar et al.,2008,2008-02-20,Resting metabolic rate and exercise capacity in women with polycystic ovary syndrome,10.1016/j.ijgo.2007.10.011,W2080464810,primary,34,2026-09-21,18.58,1.83,3.1444,0.90700605,34,30,1,1,0,1,1,0,0
14,Robinson et al.,1992,1992-06-01,Postprandial thermogenesis is reduced in polycystic ovary syndrome and is associated with increased insulin resistance,10.1111/j.1365-2265.1992.tb02262.x,W1971712685,primary,141,2026-09-21,34.31,4.11,6.1781,0.95988935,141,107,11,19,0,3,1,0,0
15,Segal and Dunaif,1990,1990-07-01,Resting metabolic rate and postprandial thermogenesis in polycystic ovarian syndrome,,W57441627,primary,52,2026-09-21,36.23,1.44,0.4463,0.62153564,52,41,2,8,0,1,0,0,0
16,Bruner et al.,2006,2006-08-01,Effects of exercise and nutritional counseling in women with polycystic ovary syndrome,10.1139/h06-007,W2154022707,primary,134,2026-09-21,20.14,6.65,7.6264,0.96809048,134,86,25,10,1,8,1,2,1
17,Moran et al.,2006,2006-07-01,Short-term meal replacements followed by dietary macronutrient restriction enhance weight loss in polycystic ovary syndrome,10.1093/ajcn/84.1.77,W2166606476,primary,144,2026-09-21,20.22,7.12,8.7159,0.97440920,144,110,16,9,0,4,2,1,2
